site_RBD,site_spike,amino_acid
1,303,P
2,304,E
3,305,L
4,306,E
5,307,V
6,308,V
7,309,Q
8,310,L
9,311,N
10,312,I
11,313,S
12,314,A
13,315,H
14,316,M
15,317,D
16,318,F
17,319,G
18,320,E
19,321,A
20,322,R
21,323,L
22,324,D
23,325,S
24,326,V
25,327,T
26,328,I
27,329,N
28,330,G
29,331,N
30,332,T
31,333,S
32,334,Y
33,335,C
34,336,V
35,337,T
36,338,K
37,339,P
38,340,Y
39,341,F
40,342,R
41,343,L
42,344,E
43,345,T
44,346,N
45,347,F
46,348,M
47,349,C
48,350,T
49,351,G
50,352,C
51,353,T
52,354,M
53,355,N
54,356,L
55,357,R
56,358,T
57,359,D
58,360,T
59,361,C
60,362,S
61,363,F
62,364,D
63,365,L
64,366,S
65,367,A
66,368,V
67,369,N
68,370,N
69,371,G
70,372,M
71,373,S
72,374,F
73,375,S
74,376,Q
75,377,F
76,378,C
77,379,L
78,380,S
79,381,T
80,382,E
81,383,S
82,384,G
83,385,A
84,386,C
85,387,E
86,388,M
87,389,K
88,390,I
89,391,I
90,392,V
91,393,T
92,394,Y
93,395,V
94,396,W
95,397,N
96,398,Y
97,399,L
98,400,L
99,401,R
100,402,Q
101,403,R
102,404,L
103,405,Y
104,406,V
105,407,T
106,408,A
107,409,V
108,410,E
109,411,G
110,412,Q
111,413,T
112,414,H
113,415,T
114,416,G